1,π“¬
2,π“ß
3,π“ß “«
4,‡¥Á°™“¬
5,‡¥Á°À≠‘ß
6,æ≈.µ.Õ.
7,æ≈.µ.Õ. À≠‘ß
8,æ≈.µ.∑.
9,æ≈.µ.∑. À≠‘ß
10,æ≈.µ.µ
11,æ≈.µ.µ. À≠‘ß
12,æ.µ.Õ.
13,æ.µ.Õ. À≠‘ß
14,æ.µ.Õ.(æ‘‡»…)
15,æ.µ.Õ.(æ‘‡»…) À≠‘ß
16,æ.µ.∑.
17,æ.µ.∑. À≠‘ß
18,æ.µ.µ.
19,æ.µ.µ. À≠‘ß
20,√.µ.Õ.
21,√.µ.Õ. À≠‘ß
22,√.µ.∑.
23,√.µ.∑. À≠‘ß
24,√.µ.µ.
25,√.µ.µ. À≠‘ß
26,¥.µ.
27,¥.µ. À≠‘ß
28, .µ.Õ.
29, .µ.Õ. À≠‘ß
30, .µ.∑.
31, .µ.∑. À≠‘ß
32, .µ.µ.
33, .µ.µ. À≠‘ß
34,®. .µ.
35,®. .µ. À≠‘ß
36,æ≈œ
37,æ≈œ À≠‘ß
38,æ≈.Õ.
39,æ≈.Õ. À≠‘ß
40,æ≈.∑.
41,æ≈.∑.À≠‘ß
42,æ≈.µ.
43,æ≈.µ.À≠‘ß
44,æ.Õ.
45,æ.Õ.À≠‘ß
46,æ.Õ.(æ‘‡»…)
47,æ.Õ.(æ‘‡»…) À≠‘ß
48,æ.∑.
49,æ.∑.À≠‘ß
50,æ.µ.
51,æ.µ.À≠‘ß
52,√.Õ.
53,√.Õ.À≠‘ß
54,√.∑.
55,√.∑.À≠‘ß
56,√.µ.
57,√.µ.À≠‘ß
58, .Õ.
59, .Õ.À≠‘ß
60, .∑.
61, .∑.À≠‘ß
62, .µ.
63, .µ.À≠‘ß
64,®. .Õ.
65,®. .Õ.À≠‘ß
66,®. .∑.
67,®. .∑.À≠‘ß
68,®. .µ.
69,®. .µ.À≠‘ß
70,æ≈œ
71,«Ë“∑’Ë æ.µ.
72,«Ë“∑’Ë æ.µ. À≠‘ß
73,«Ë“∑’Ë √.Õ.
74,«Ë“∑’Ë √.Õ. À≠‘ß
75,«Ë“∑’Ë √.∑.
76,«Ë“∑’Ë √.∑. À≠‘ß
77,«Ë“∑’Ë √.µ.
78,«Ë“∑’Ë √.µ. À≠‘ß
79,æ≈.√.Õ.
80,æ≈.√.Õ.À≠‘ß
81,æ≈.√.∑.
82,æ≈.√.∑.À≠‘ß
83,æ≈.√.µ.
84,æ≈.√.µ.À≠‘ß
85,π.Õ.
86,π.Õ.À≠‘ß
87,π.Õ.(æ‘‡»…)
88,π.Õ.(æ‘‡»…) À≠‘ß
89,π.∑.
90,π.∑.À≠‘ß
91,π.µ.
92,π.µ.À≠‘ß
93,√.Õ.
94,√.Õ.À≠‘ß
95,√.∑.
96,√.Õ.À≠‘ß
97,√.µ.
98,√.µ.À≠‘ß
99,æ.®.Õ.
100,æ.®.Õ.À≠‘ß
101,æ.®.∑.
102,æ.®.∑.À≠‘ß
103,æ.®.µ.
104,æ.®.µ.À≠‘ß
105,®.Õ.
106,®.Õ.À≠‘ß
107,®.∑.
108,®.∑.À≠‘ß
109,®.µ.
110,®.µ.À≠‘ß
111,æ≈∑À“√‡√◊Õ
112,æ≈.Õ.Õ.
113,æ≈.Õ.Õ.À≠‘ß
114,æ≈.Õ.∑.
115,æ≈.Õ.∑.À≠‘ß
116,æ≈.Õ.µ.
117,æ≈.Õ.µ.À≠‘ß
118,π.Õ.
119,π.Õ.À≠‘ß
120,π.Õ.(æ‘‡»…)
121,π.Õ.(æ‘‡»…) À≠‘ß
122,π.∑.
123,π.∑.À≠‘ß
124,π.µ.
125,π.µ.À≠‘ß
126,√.Õ.
127,√.Õ.À≠‘ß
128,√.∑.
129,√.∑.À≠‘ß
130,√.µ.
131,√.µ.À≠‘ß
132,æ.Õ.Õ.
133,æ.Õ.Õ.À≠‘ß
134,æ.Õ.∑.
135,æ.Õ.∑.À≠‘ß
136,æ.Õ.µ.
137,æ.Õ.µ.À≠‘ß
138,®.Õ.
139,®.Õ.À≠‘ß
140,®.∑.
141,®.∑.À≠‘ß
142,®.µ.
143,®.µ.À≠‘ß
144,æ≈∑À“√Õ“°“»
145,À¡ËÕ¡
146,¡.®.
147,¡.√.«.
148,¡.≈.
149,¥√.
150,».¥√.
151,».
152,º».¥√.
153,º».
154,√».¥√.
155,√».
156,πæ.
157,æ≠./option
158, —µ«·æ∑¬Ï
159, æ≠.
160,∑æ.
161,∑æ≠.
162,‡¿ —™°√
163,¿°≠.
164,æ√–
165,æ√–§√Ÿ
166,æ√–¡À“
167,æ√– ¡ÿÀÏ
168,æ√–Õ∏‘°“√
169, “¡‡≥√
170,·¡Ë™’
171,∫“∑À≈«ß
172,MR
173,MRS
174,MS
175,MISS
176,Dr.
